{"schemaVersion":"1.0","appDefinitionTemplate":{"id":"/providers/Microsoft.PowerApps/apps/","type":"Microsoft.PowerApps/apps","tags":{"primaryDeviceWidth":"1871","primaryDeviceHeight":"839","supportsPortrait":"true","supportsLandscape":"true","primaryFormFactor":"Tablet","showStatusBar":"false","publisherVersion":"3.24073.20","minimumRequiredApiVersion":"2.2.0","hasComponent":"false","hasUnlockedComponent":"false","isUnifiedRootApp":"false","sienaVersion":"20240725T073018Z-3.24073.20.0"},"properties":{"appVersion":"2024-07-25T07:30:18Z","lifeCycleId":"Published","createdByClientVersion":{"major":3,"minor":24073,"build":20,"revision":0,"majorRevision":0,"minorRevision":0},"minClientVersion":{"major":3,"minor":24073,"build":20,"revision":0,"majorRevision":0,"minorRevision":0},"backgroundColor":"RGBA(0,176,240,1)","backgroundImageUri":"/795709048503657448/N2c75d711-d1b1-4507-8ce4-2767954e91c2-logoSmallFile","displayName":"Kanban Style","description":"","commitMessage":"","appUris":{"documentUri":{"value":"/795709048503657448/N7e0ed902-df10-44ad-b98f-88ab1514ce09-document.msapp"},"imageUris":[],"additionalUris":[{"isSolutionAware":false,"value":"/795709048503657448/Nc7dadad1-c759-4d11-8f1a-d657246b9092-identity.json"}]},"createdTime":"0001-01-01T00:00:00Z","lastModifiedTime":"0001-01-01T00:00:00Z","sharedGroupsCount":0,"sharedUsersCount":0,"connectionReferences":{},"databaseReferences":{"default.cds":{"databaseDetails":{"referenceType":"Environmental","environmentName":"default.cds","overrideValues":{"status":"NotSpecified"}},"dataSources":{},"components":[{"componentName":"CustomControl","identifier":"pdd_CustomControl.PowerDragDrop","identifierType":"LogicalName"},{"componentName":"CustomControl","identifier":"pdd_CustomControl.PowerDragDrop","identifierType":"LogicalName"},{"componentName":"CustomControl","identifier":"pdd_CustomControl.PowerDragDrop","identifierType":"LogicalName"},{"componentName":"CustomControl","identifier":"pdd_CustomControl.PowerDragDrop","identifierType":"LogicalName"},{"componentName":"CustomControl","identifier":"pdd_CustomControl.PowerDragDrop","identifierType":"LogicalName"}]}},"almMode":"Environment","performanceOptimizationEnabled":false,"canConsumeAppPass":false,"enableModernRuntimeMode":false,"executionRestrictions":{"isTeamsOnly":false,"dataLossPreventionEvaluationResult":{"status":"Compliant","lastEvaluationDate":"2024-07-25T03:33:00.3043761Z","violations":[],"violationsByPolicy":[],"violationErrorMessage":"The app uses the following connectors: ."}}},"appType":"ClassicCanvasApp","appComponents":[]}}